sku;cantidad;costo_usdt
FIL-MC-C-BR-NEG-S;;
FIL-MC-C-BR-NEG-M;;
FIL-MC-C-BR-NEG-L;;
FIL-MC-C-BR-NEG-XL;;
FIL-MC-C-BR-NEG-2XL;;
FIL-MC-C-BR-NEG-3XL;;
FIL-MC-C-BR-NEG-4XL;;
FIL-MC-C-BR-NEG-5XL;;
FIL-MC-C-BR-NEG-6XL;;
FIL-MC-C-BR-VIN-S;;
FIL-MC-C-BR-VIN-M;;
FIL-MC-C-BR-VIN-L;;
FIL-MC-C-BR-VIN-XL;;
FIL-MC-C-BR-VIN-2XL;;
FIL-MC-C-BR-VIN-3XL;;
FIL-MC-C-BR-VIN-4XL;;
FIL-MC-C-BR-VIN-5XL;;
FIL-MC-C-BR-VIN-6XL;;
FIL-MC-C-BR-VMI-S;;
FIL-MC-C-BR-VMI-M;;
FIL-MC-C-BR-VMI-L;;
FIL-MC-C-BR-VMI-XL;;
FIL-MC-C-BR-VMI-2XL;;
FIL-MC-C-BR-VMI-3XL;;
FIL-MC-C-BR-VMI-4XL;;
FIL-MC-C-BR-VMI-5XL;;
FIL-MC-C-BR-VMI-6XL;;
FIL-MC-C-BR-AZM-S;;
FIL-MC-C-BR-AZM-M;;
FIL-MC-C-BR-AZM-L;;
FIL-MC-C-BR-AZM-XL;;
FIL-MC-C-BR-AZM-2XL;;
FIL-MC-C-BR-AZM-3XL;;
FIL-MC-C-BR-AZM-4XL;;
FIL-MC-C-BR-AZM-5XL;;
FIL-MC-C-BR-AZM-6XL;;
FIL-MC-C-BR-GPL-S;;
FIL-MC-C-BR-GPL-M;;
FIL-MC-C-BR-GPL-L;;
FIL-MC-C-BR-GPL-XL;;
FIL-MC-C-BR-GPL-2XL;;
FIL-MC-C-BR-GPL-3XL;;
FIL-MC-C-BR-GPL-4XL;;
FIL-MC-C-BR-GPL-5XL;;
FIL-MC-C-BR-GPL-6XL;;
FIL-MC-C-BR-KAK-S;;
FIL-MC-C-BR-KAK-M;;
FIL-MC-C-BR-KAK-L;;
FIL-MC-C-BR-KAK-XL;;
FIL-MC-C-BR-KAK-2XL;;
FIL-MC-C-BR-KAK-3XL;;
FIL-MC-C-BR-KAK-4XL;;
FIL-MC-C-BR-KAK-5XL;;
FIL-MC-C-BR-KAK-6XL;;
FIL-MC-C-BO-BLA-S;;
FIL-MC-C-BO-BLA-M;;
FIL-MC-C-BO-BLA-L;;
FIL-MC-C-BO-BLA-XL;;
FIL-MC-C-BO-BLA-2XL;;
FIL-MC-C-BO-BLA-3XL;;
FIL-MC-C-BO-BLA-4XL;;
FIL-MC-C-BO-BLA-5XL;;
FIL-MC-C-BO-BLA-6XL;;
FIL-MC-C-BO-NEG-S;;
FIL-MC-C-BO-NEG-M;;
FIL-MC-C-BO-NEG-L;;
FIL-MC-C-BO-NEG-XL;;
FIL-MC-C-BO-NEG-2XL;;
FIL-MC-C-BO-NEG-3XL;;
FIL-MC-C-BO-NEG-4XL;;
FIL-MC-C-BO-NEG-5XL;;
FIL-MC-C-BO-NEG-6XL;;
FIL-MC-C-BO-GHE-S;;
FIL-MC-C-BO-GHE-M;;
FIL-MC-C-BO-GHE-L;;
FIL-MC-C-BO-GHE-XL;;
FIL-MC-C-BO-GHE-2XL;;
FIL-MC-C-BO-GHE-3XL;;
FIL-MC-C-BO-GHE-4XL;;
FIL-MC-C-BO-GHE-5XL;;
FIL-MC-C-BO-GHE-6XL;;
FIL-MC-C-BO-AZM-S;;
FIL-MC-C-BO-AZM-M;;
FIL-MC-C-BO-AZM-L;;
FIL-MC-C-BO-AZM-XL;;
FIL-MC-C-BO-AZM-2XL;;
FIL-MC-C-BO-AZM-3XL;;
FIL-MC-C-BO-AZM-4XL;;
FIL-MC-C-BO-AZM-5XL;;
FIL-MC-C-BO-AZM-6XL;;
FIL-MC-C-BO-VMI-S;;
FIL-MC-C-BO-VMI-M;;
FIL-MC-C-BO-VMI-L;;
FIL-MC-C-BO-VMI-XL;;
FIL-MC-C-BO-VMI-2XL;;
FIL-MC-C-BO-VMI-3XL;;
FIL-MC-C-BO-VMI-4XL;;
FIL-MC-C-BO-VMI-5XL;;
FIL-MC-C-BO-VMI-6XL;;
FIL-MC-C-BO-VIN-S;;
FIL-MC-C-BO-VIN-M;;
FIL-MC-C-BO-VIN-L;;
FIL-MC-C-BO-VIN-XL;;
FIL-MC-C-BO-VIN-2XL;;
FIL-MC-C-BO-VIN-3XL;;
FIL-MC-C-BO-VIN-4XL;;
FIL-MC-C-BO-VIN-5XL;;
FIL-MC-C-BO-VIN-6XL;;
FIL-MC-C-BO-KAK-S;;
FIL-MC-C-BO-KAK-M;;
FIL-MC-C-BO-KAK-L;;
FIL-MC-C-BO-KAK-XL;;
FIL-MC-C-BO-KAK-2XL;;
FIL-MC-C-BO-KAK-3XL;;
FIL-MC-C-BO-KAK-4XL;;
FIL-MC-C-BO-KAK-5XL;;
FIL-MC-C-BO-KAK-6XL;;
FIL-MC-C-CI-BLA-S;;
FIL-MC-C-CI-BLA-M;;
FIL-MC-C-CI-BLA-L;;
FIL-MC-C-CI-BLA-XL;;
FIL-MC-C-CI-BLA-2XL;;
FIL-MC-C-CI-BLA-3XL;;
FIL-MC-C-CI-BLA-4XL;;
FIL-MC-C-CI-BLA-5XL;;
FIL-MC-C-CI-BLA-6XL;;
FIL-MC-C-CI-NEG-S;;
FIL-MC-C-CI-NEG-M;;
FIL-MC-C-CI-NEG-L;;
FIL-MC-C-CI-NEG-XL;;
FIL-MC-C-CI-NEG-2XL;;
FIL-MC-C-CI-NEG-3XL;;
FIL-MC-C-CI-NEG-4XL;;
FIL-MC-C-CI-NEG-5XL;;
FIL-MC-C-CI-NEG-6XL;;
FIL-MC-C-CI-GHE-S;;
FIL-MC-C-CI-GHE-M;;
FIL-MC-C-CI-GHE-L;;
FIL-MC-C-CI-GHE-XL;;
FIL-MC-C-CI-GHE-2XL;;
FIL-MC-C-CI-GHE-3XL;;
FIL-MC-C-CI-GHE-4XL;;
FIL-MC-C-CI-GHE-5XL;;
FIL-MC-C-CI-GHE-6XL;;
FIL-MC-C-CI-AZM-S;;
FIL-MC-C-CI-AZM-M;;
FIL-MC-C-CI-AZM-L;;
FIL-MC-C-CI-AZM-XL;;
FIL-MC-C-CI-AZM-2XL;;
FIL-MC-C-CI-AZM-3XL;;
FIL-MC-C-CI-AZM-4XL;;
FIL-MC-C-CI-AZM-5XL;;
FIL-MC-C-CI-AZM-6XL;;
FIL-MC-C-CI-VMI-S;;
FIL-MC-C-CI-VMI-M;;
FIL-MC-C-CI-VMI-L;;
FIL-MC-C-CI-VMI-XL;;
FIL-MC-C-CI-VMI-2XL;;
FIL-MC-C-CI-VMI-3XL;;
FIL-MC-C-CI-VMI-4XL;;
FIL-MC-C-CI-VMI-5XL;;
FIL-MC-C-CI-VMI-6XL;;
FIL-MC-C-CI-VIN-S;;
FIL-MC-C-CI-VIN-M;;
FIL-MC-C-CI-VIN-L;;
FIL-MC-C-CI-VIN-XL;;
FIL-MC-C-CI-VIN-2XL;;
FIL-MC-C-CI-VIN-3XL;;
FIL-MC-C-CI-VIN-4XL;;
FIL-MC-C-CI-VIN-5XL;;
FIL-MC-C-CI-VIN-6XL;;
FIL-MC-C-CI-KAK-S;;
FIL-MC-C-CI-KAK-M;;
FIL-MC-C-CI-KAK-L;;
FIL-MC-C-CI-KAK-XL;;
FIL-MC-C-CI-KAK-2XL;;
FIL-MC-C-CI-KAK-3XL;;
FIL-MC-C-CI-KAK-4XL;;
FIL-MC-C-CI-KAK-5XL;;
FIL-MC-C-CI-KAK-6XL;;
FIL-M34-C-BR-NEG-S;;
FIL-M34-C-BR-NEG-M;;
FIL-M34-C-BR-NEG-L;;
FIL-M34-C-BR-NEG-XL;;
FIL-M34-C-BR-NEG-2XL;;
FIL-M34-C-BR-NEG-3XL;;
FIL-M34-C-BR-NEG-4XL;;
FIL-M34-C-BR-NEG-5XL;;
FIL-M34-C-BR-NEG-6XL;;
FIL-M34-C-BR-VIN-S;;
FIL-M34-C-BR-VIN-M;;
FIL-M34-C-BR-VIN-L;;
FIL-M34-C-BR-VIN-XL;;
FIL-M34-C-BR-VIN-2XL;;
FIL-M34-C-BR-VIN-3XL;;
FIL-M34-C-BR-VIN-4XL;;
FIL-M34-C-BR-VIN-5XL;;
FIL-M34-C-BR-VIN-6XL;;
FIL-M34-C-BR-VMI-S;;
FIL-M34-C-BR-VMI-M;;
FIL-M34-C-BR-VMI-L;;
FIL-M34-C-BR-VMI-XL;;
FIL-M34-C-BR-VMI-2XL;;
FIL-M34-C-BR-VMI-3XL;;
FIL-M34-C-BR-VMI-4XL;;
FIL-M34-C-BR-VMI-5XL;;
FIL-M34-C-BR-VMI-6XL;;
FIL-M34-C-BR-AZM-S;;
FIL-M34-C-BR-AZM-M;;
FIL-M34-C-BR-AZM-L;;
FIL-M34-C-BR-AZM-XL;;
FIL-M34-C-BR-AZM-2XL;;
FIL-M34-C-BR-AZM-3XL;;
FIL-M34-C-BR-AZM-4XL;;
FIL-M34-C-BR-AZM-5XL;;
FIL-M34-C-BR-AZM-6XL;;
FIL-M34-C-BR-KAK-S;;
FIL-M34-C-BR-KAK-M;;
FIL-M34-C-BR-KAK-L;;
FIL-M34-C-BR-KAK-XL;;
FIL-M34-C-BR-KAK-2XL;;
FIL-M34-C-BR-KAK-3XL;;
FIL-M34-C-BR-KAK-4XL;;
FIL-M34-C-BR-KAK-5XL;;
FIL-M34-C-BR-KAK-6XL;;
FIL-M34-C-BO-BLA-S;;
FIL-M34-C-BO-BLA-M;;
FIL-M34-C-BO-BLA-L;;
FIL-M34-C-BO-BLA-XL;;
FIL-M34-C-BO-BLA-2XL;;
FIL-M34-C-BO-BLA-3XL;;
FIL-M34-C-BO-BLA-4XL;;
FIL-M34-C-BO-BLA-5XL;;
FIL-M34-C-BO-BLA-6XL;;
FIL-M34-C-BO-NEG-S;;
FIL-M34-C-BO-NEG-M;;
FIL-M34-C-BO-NEG-L;;
FIL-M34-C-BO-NEG-XL;;
FIL-M34-C-BO-NEG-2XL;;
FIL-M34-C-BO-NEG-3XL;;
FIL-M34-C-BO-NEG-4XL;;
FIL-M34-C-BO-NEG-5XL;;
FIL-M34-C-BO-NEG-6XL;;
FIL-M34-C-BO-VIN-S;;
FIL-M34-C-BO-VIN-M;;
FIL-M34-C-BO-VIN-L;;
FIL-M34-C-BO-VIN-XL;;
FIL-M34-C-BO-VIN-2XL;;
FIL-M34-C-BO-VIN-3XL;;
FIL-M34-C-BO-VIN-4XL;;
FIL-M34-C-BO-VIN-5XL;;
FIL-M34-C-BO-VIN-6XL;;
FIL-M34-C-BO-VMI-S;;
FIL-M34-C-BO-VMI-M;;
FIL-M34-C-BO-VMI-L;;
FIL-M34-C-BO-VMI-XL;;
FIL-M34-C-BO-VMI-2XL;;
FIL-M34-C-BO-VMI-3XL;;
FIL-M34-C-BO-VMI-4XL;;
FIL-M34-C-BO-VMI-5XL;;
FIL-M34-C-BO-VMI-6XL;;
FIL-M34-C-BO-AZM-S;;
FIL-M34-C-BO-AZM-M;;
FIL-M34-C-BO-AZM-L;;
FIL-M34-C-BO-AZM-XL;;
FIL-M34-C-BO-AZM-2XL;;
FIL-M34-C-BO-AZM-3XL;;
FIL-M34-C-BO-AZM-4XL;;
FIL-M34-C-BO-AZM-5XL;;
FIL-M34-C-BO-AZM-6XL;;
FIL-M34-C-BO-KAK-S;;
FIL-M34-C-BO-KAK-M;;
FIL-M34-C-BO-KAK-L;;
FIL-M34-C-BO-KAK-XL;;
FIL-M34-C-BO-KAK-2XL;;
FIL-M34-C-BO-KAK-3XL;;
FIL-M34-C-BO-KAK-4XL;;
FIL-M34-C-BO-KAK-5XL;;
FIL-M34-C-BO-KAK-6XL;;
FIL-M34-C-CI-NEG-S;;
FIL-M34-C-CI-NEG-M;;
FIL-M34-C-CI-NEG-L;;
FIL-M34-C-CI-NEG-XL;;
FIL-M34-C-CI-NEG-2XL;;
FIL-M34-C-CI-NEG-3XL;;
FIL-M34-C-CI-NEG-4XL;;
FIL-M34-C-CI-NEG-5XL;;
FIL-M34-C-CI-NEG-6XL;;
FIL-M34-C-CI-BLA-S;;
FIL-M34-C-CI-BLA-M;;
FIL-M34-C-CI-BLA-L;;
FIL-M34-C-CI-BLA-XL;;
FIL-M34-C-CI-BLA-2XL;;
FIL-M34-C-CI-BLA-3XL;;
FIL-M34-C-CI-BLA-4XL;;
FIL-M34-C-CI-BLA-5XL;;
FIL-M34-C-CI-BLA-6XL;;
FIL-M34-C-CI-GPL-S;;
FIL-M34-C-CI-GPL-M;;
FIL-M34-C-CI-GPL-L;;
FIL-M34-C-CI-GPL-XL;;
FIL-M34-C-CI-GPL-2XL;;
FIL-M34-C-CI-GPL-3XL;;
FIL-M34-C-CI-GPL-4XL;;
FIL-M34-C-CI-GPL-5XL;;
FIL-M34-C-CI-GPL-6XL;;
FIL-M34-C-CI-VIN-S;;
FIL-M34-C-CI-VIN-M;;
FIL-M34-C-CI-VIN-L;;
FIL-M34-C-CI-VIN-XL;;
FIL-M34-C-CI-VIN-2XL;;
FIL-M34-C-CI-VIN-3XL;;
FIL-M34-C-CI-VIN-4XL;;
FIL-M34-C-CI-VIN-5XL;;
FIL-M34-C-CI-VIN-6XL;;
FIL-M34-C-CI-VMI-S;;
FIL-M34-C-CI-VMI-M;;
FIL-M34-C-CI-VMI-L;;
FIL-M34-C-CI-VMI-XL;;
FIL-M34-C-CI-VMI-2XL;;
FIL-M34-C-CI-VMI-3XL;;
FIL-M34-C-CI-VMI-4XL;;
FIL-M34-C-CI-VMI-5XL;;
FIL-M34-C-CI-VMI-6XL;;
FIL-M34-C-CI-AZM-S;;
FIL-M34-C-CI-AZM-M;;
FIL-M34-C-CI-AZM-L;;
FIL-M34-C-CI-AZM-XL;;
FIL-M34-C-CI-AZM-2XL;;
FIL-M34-C-CI-AZM-3XL;;
FIL-M34-C-CI-AZM-4XL;;
FIL-M34-C-CI-AZM-5XL;;
FIL-M34-C-CI-AZM-6XL;;
FIL-M34-C-CI-KAK-S;;
FIL-M34-C-CI-KAK-M;;
FIL-M34-C-CI-KAK-L;;
FIL-M34-C-CI-KAK-XL;;
FIL-M34-C-CI-KAK-2XL;;
FIL-M34-C-CI-KAK-3XL;;
FIL-M34-C-CI-KAK-4XL;;
FIL-M34-C-CI-KAK-5XL;;
FIL-M34-C-CI-KAK-6XL;;
FIL-ML-C-BR-NEG-S;;
FIL-ML-C-BR-NEG-M;;
FIL-ML-C-BR-NEG-L;;
FIL-ML-C-BR-NEG-XL;;
FIL-ML-C-BR-NEG-2XL;;
FIL-ML-C-BR-NEG-3XL;;
FIL-ML-C-BR-NEG-4XL;;
FIL-ML-C-BR-NEG-5XL;;
FIL-ML-C-BR-NEG-6XL;;
FIL-ML-C-BR-VIN-S;;
FIL-ML-C-BR-VIN-M;;
FIL-ML-C-BR-VIN-L;;
FIL-ML-C-BR-VIN-XL;;
FIL-ML-C-BR-VIN-2XL;;
FIL-ML-C-BR-VIN-3XL;;
FIL-ML-C-BR-VIN-4XL;;
FIL-ML-C-BR-VIN-5XL;;
FIL-ML-C-BR-VIN-6XL;;
FIL-ML-C-BR-VMI-S;;
FIL-ML-C-BR-VMI-M;;
FIL-ML-C-BR-VMI-L;;
FIL-ML-C-BR-VMI-XL;;
FIL-ML-C-BR-VMI-2XL;;
FIL-ML-C-BR-VMI-3XL;;
FIL-ML-C-BR-VMI-4XL;;
FIL-ML-C-BR-VMI-5XL;;
FIL-ML-C-BR-VMI-6XL;;
FIL-ML-C-BR-AZM-S;;
FIL-ML-C-BR-AZM-M;;
FIL-ML-C-BR-AZM-L;;
FIL-ML-C-BR-AZM-XL;;
FIL-ML-C-BR-AZM-2XL;;
FIL-ML-C-BR-AZM-3XL;;
FIL-ML-C-BR-AZM-4XL;;
FIL-ML-C-BR-AZM-5XL;;
FIL-ML-C-BR-AZM-6XL;;
FIL-ML-C-BR-KAK-S;;
FIL-ML-C-BR-KAK-M;;
FIL-ML-C-BR-KAK-L;;
FIL-ML-C-BR-KAK-XL;;
FIL-ML-C-BR-KAK-2XL;;
FIL-ML-C-BR-KAK-3XL;;
FIL-ML-C-BR-KAK-4XL;;
FIL-ML-C-BR-KAK-5XL;;
FIL-ML-C-BR-KAK-6XL;;
FIL-ML-C-BO-BLA-S;;
FIL-ML-C-BO-BLA-M;;
FIL-ML-C-BO-BLA-L;;
FIL-ML-C-BO-BLA-XL;;
FIL-ML-C-BO-BLA-2XL;;
FIL-ML-C-BO-BLA-3XL;;
FIL-ML-C-BO-BLA-4XL;;
FIL-ML-C-BO-BLA-5XL;;
FIL-ML-C-BO-BLA-6XL;;
FIL-ML-C-BO-NEG-S;;
FIL-ML-C-BO-NEG-M;;
FIL-ML-C-BO-NEG-L;;
FIL-ML-C-BO-NEG-XL;;
FIL-ML-C-BO-NEG-2XL;;
FIL-ML-C-BO-NEG-3XL;;
FIL-ML-C-BO-NEG-4XL;;
FIL-ML-C-BO-NEG-5XL;;
FIL-ML-C-BO-NEG-6XL;;
FIL-ML-C-BO-VIN-S;;
FIL-ML-C-BO-VIN-M;;
FIL-ML-C-BO-VIN-L;;
FIL-ML-C-BO-VIN-XL;;
FIL-ML-C-BO-VIN-2XL;;
FIL-ML-C-BO-VIN-3XL;;
FIL-ML-C-BO-VIN-4XL;;
FIL-ML-C-BO-VIN-5XL;;
FIL-ML-C-BO-VIN-6XL;;
FIL-ML-C-BO-VMI-S;;
FIL-ML-C-BO-VMI-M;;
FIL-ML-C-BO-VMI-L;;
FIL-ML-C-BO-VMI-XL;;
FIL-ML-C-BO-VMI-2XL;;
FIL-ML-C-BO-VMI-3XL;;
FIL-ML-C-BO-VMI-4XL;;
FIL-ML-C-BO-VMI-5XL;;
FIL-ML-C-BO-VMI-6XL;;
FIL-ML-C-BO-AZM-S;;
FIL-ML-C-BO-AZM-M;;
FIL-ML-C-BO-AZM-L;;
FIL-ML-C-BO-AZM-XL;;
FIL-ML-C-BO-AZM-2XL;;
FIL-ML-C-BO-AZM-3XL;;
FIL-ML-C-BO-AZM-4XL;;
FIL-ML-C-BO-AZM-5XL;;
FIL-ML-C-BO-AZM-6XL;;
FIL-ML-C-BO-KAK-S;;
FIL-ML-C-BO-KAK-M;;
FIL-ML-C-BO-KAK-L;;
FIL-ML-C-BO-KAK-XL;;
FIL-ML-C-BO-KAK-2XL;;
FIL-ML-C-BO-KAK-3XL;;
FIL-ML-C-BO-KAK-4XL;;
FIL-ML-C-BO-KAK-5XL;;
FIL-ML-C-BO-KAK-6XL;;
FIL-ML-C-CI-NEG-S;;
FIL-ML-C-CI-NEG-M;;
FIL-ML-C-CI-NEG-L;;
FIL-ML-C-CI-NEG-XL;;
FIL-ML-C-CI-NEG-2XL;;
FIL-ML-C-CI-NEG-3XL;;
FIL-ML-C-CI-NEG-4XL;;
FIL-ML-C-CI-NEG-5XL;;
FIL-ML-C-CI-NEG-6XL;;
FIL-ML-C-CI-BLA-S;;
FIL-ML-C-CI-BLA-M;;
FIL-ML-C-CI-BLA-L;;
FIL-ML-C-CI-BLA-XL;;
FIL-ML-C-CI-BLA-2XL;;
FIL-ML-C-CI-BLA-3XL;;
FIL-ML-C-CI-BLA-4XL;;
FIL-ML-C-CI-BLA-5XL;;
FIL-ML-C-CI-BLA-6XL;;
FIL-ML-C-CI-GPL-S;;
FIL-ML-C-CI-GPL-M;;
FIL-ML-C-CI-GPL-L;;
FIL-ML-C-CI-GPL-XL;;
FIL-ML-C-CI-GPL-2XL;;
FIL-ML-C-CI-GPL-3XL;;
FIL-ML-C-CI-GPL-4XL;;
FIL-ML-C-CI-GPL-5XL;;
FIL-ML-C-CI-GPL-6XL;;
FIL-ML-C-CI-VIN-S;;
FIL-ML-C-CI-VIN-M;;
FIL-ML-C-CI-VIN-L;;
FIL-ML-C-CI-VIN-XL;;
FIL-ML-C-CI-VIN-2XL;;
FIL-ML-C-CI-VIN-3XL;;
FIL-ML-C-CI-VIN-4XL;;
FIL-ML-C-CI-VIN-5XL;;
FIL-ML-C-CI-VIN-6XL;;
FIL-ML-C-CI-VMI-S;;
FIL-ML-C-CI-VMI-M;;
FIL-ML-C-CI-VMI-L;;
FIL-ML-C-CI-VMI-XL;;
FIL-ML-C-CI-VMI-2XL;;
FIL-ML-C-CI-VMI-3XL;;
FIL-ML-C-CI-VMI-4XL;;
FIL-ML-C-CI-VMI-5XL;;
FIL-ML-C-CI-VMI-6XL;;
FIL-ML-C-CI-AZM-S;;
FIL-ML-C-CI-AZM-M;;
FIL-ML-C-CI-AZM-L;;
FIL-ML-C-CI-AZM-XL;;
FIL-ML-C-CI-AZM-2XL;;
FIL-ML-C-CI-AZM-3XL;;
FIL-ML-C-CI-AZM-4XL;;
FIL-ML-C-CI-AZM-5XL;;
FIL-ML-C-CI-AZM-6XL;;
FIL-ML-C-CI-KAK-S;;
FIL-ML-C-CI-KAK-M;;
FIL-ML-C-CI-KAK-L;;
FIL-ML-C-CI-KAK-XL;;
FIL-ML-C-CI-KAK-2XL;;
FIL-ML-C-CI-KAK-3XL;;
FIL-ML-C-CI-KAK-4XL;;
FIL-ML-C-CI-KAK-5XL;;
FIL-ML-C-CI-KAK-6XL;;
FIL-MC-D-BR-NEG-S;;
FIL-MC-D-BR-NEG-M;;
FIL-MC-D-BR-NEG-L;;
FIL-MC-D-BR-NEG-XL;;
FIL-MC-D-BR-NEG-2XL;;
FIL-MC-D-BR-NEG-3XL;;
FIL-MC-D-BR-NEG-4XL;;
FIL-MC-D-BR-NEG-5XL;;
FIL-MC-D-BR-NEG-6XL;;
FIL-MC-D-BR-VIN-S;;
FIL-MC-D-BR-VIN-M;;
FIL-MC-D-BR-VIN-L;;
FIL-MC-D-BR-VIN-XL;;
FIL-MC-D-BR-VIN-2XL;;
FIL-MC-D-BR-VIN-3XL;;
FIL-MC-D-BR-VIN-4XL;;
FIL-MC-D-BR-VIN-5XL;;
FIL-MC-D-BR-VIN-6XL;;
FIL-MC-D-BR-VMI-S;;
FIL-MC-D-BR-VMI-M;;
FIL-MC-D-BR-VMI-L;;
FIL-MC-D-BR-VMI-XL;;
FIL-MC-D-BR-VMI-2XL;;
FIL-MC-D-BR-VMI-3XL;;
FIL-MC-D-BR-VMI-4XL;;
FIL-MC-D-BR-VMI-5XL;;
FIL-MC-D-BR-VMI-6XL;;
FIL-MC-D-BR-AZM-S;;
FIL-MC-D-BR-AZM-M;;
FIL-MC-D-BR-AZM-L;;
FIL-MC-D-BR-AZM-XL;;
FIL-MC-D-BR-AZM-2XL;;
FIL-MC-D-BR-AZM-3XL;;
FIL-MC-D-BR-AZM-4XL;;
FIL-MC-D-BR-AZM-5XL;;
FIL-MC-D-BR-AZM-6XL;;
FIL-MC-D-BR-GPL-S;;
FIL-MC-D-BR-GPL-M;;
FIL-MC-D-BR-GPL-L;;
FIL-MC-D-BR-GPL-XL;;
FIL-MC-D-BR-GPL-2XL;;
FIL-MC-D-BR-GPL-3XL;;
FIL-MC-D-BR-GPL-4XL;;
FIL-MC-D-BR-GPL-5XL;;
FIL-MC-D-BR-GPL-6XL;;
FIL-MC-D-BR-KAK-S;;
FIL-MC-D-BR-KAK-M;;
FIL-MC-D-BR-KAK-L;;
FIL-MC-D-BR-KAK-XL;;
FIL-MC-D-BR-KAK-2XL;;
FIL-MC-D-BR-KAK-3XL;;
FIL-MC-D-BR-KAK-4XL;;
FIL-MC-D-BR-KAK-5XL;;
FIL-MC-D-BR-KAK-6XL;;
FIL-MC-D-BO-BLA-S;;
FIL-MC-D-BO-BLA-M;;
FIL-MC-D-BO-BLA-L;;
FIL-MC-D-BO-BLA-XL;;
FIL-MC-D-BO-BLA-2XL;;
FIL-MC-D-BO-BLA-3XL;;
FIL-MC-D-BO-BLA-4XL;;
FIL-MC-D-BO-BLA-5XL;;
FIL-MC-D-BO-BLA-6XL;;
FIL-MC-D-BO-NEG-S;;
FIL-MC-D-BO-NEG-M;;
FIL-MC-D-BO-NEG-L;;
FIL-MC-D-BO-NEG-XL;;
FIL-MC-D-BO-NEG-2XL;;
FIL-MC-D-BO-NEG-3XL;;
FIL-MC-D-BO-NEG-4XL;;
FIL-MC-D-BO-NEG-5XL;;
FIL-MC-D-BO-NEG-6XL;;
FIL-MC-D-BO-GHE-S;;
FIL-MC-D-BO-GHE-M;;
FIL-MC-D-BO-GHE-L;;
FIL-MC-D-BO-GHE-XL;;
FIL-MC-D-BO-GHE-2XL;;
FIL-MC-D-BO-GHE-3XL;;
FIL-MC-D-BO-GHE-4XL;;
FIL-MC-D-BO-GHE-5XL;;
FIL-MC-D-BO-GHE-6XL;;
FIL-MC-D-BO-AZM-S;;
FIL-MC-D-BO-AZM-M;;
FIL-MC-D-BO-AZM-L;;
FIL-MC-D-BO-AZM-XL;;
FIL-MC-D-BO-AZM-2XL;;
FIL-MC-D-BO-AZM-3XL;;
FIL-MC-D-BO-AZM-4XL;;
FIL-MC-D-BO-AZM-5XL;;
FIL-MC-D-BO-AZM-6XL;;
FIL-MC-D-BO-VMI-S;;
FIL-MC-D-BO-VMI-M;;
FIL-MC-D-BO-VMI-L;;
FIL-MC-D-BO-VMI-XL;;
FIL-MC-D-BO-VMI-2XL;;
FIL-MC-D-BO-VMI-3XL;;
FIL-MC-D-BO-VMI-4XL;;
FIL-MC-D-BO-VMI-5XL;;
FIL-MC-D-BO-VMI-6XL;;
FIL-MC-D-BO-VIN-S;;
FIL-MC-D-BO-VIN-M;;
FIL-MC-D-BO-VIN-L;;
FIL-MC-D-BO-VIN-XL;;
FIL-MC-D-BO-VIN-2XL;;
FIL-MC-D-BO-VIN-3XL;;
FIL-MC-D-BO-VIN-4XL;;
FIL-MC-D-BO-VIN-5XL;;
FIL-MC-D-BO-VIN-6XL;;
FIL-MC-D-BO-KAK-S;;
FIL-MC-D-BO-KAK-M;;
FIL-MC-D-BO-KAK-L;;
FIL-MC-D-BO-KAK-XL;;
FIL-MC-D-BO-KAK-2XL;;
FIL-MC-D-BO-KAK-3XL;;
FIL-MC-D-BO-KAK-4XL;;
FIL-MC-D-BO-KAK-5XL;;
FIL-MC-D-BO-KAK-6XL;;
FIL-MC-D-CI-BLA-S;;
FIL-MC-D-CI-BLA-M;;
FIL-MC-D-CI-BLA-L;;
FIL-MC-D-CI-BLA-XL;;
FIL-MC-D-CI-BLA-2XL;;
FIL-MC-D-CI-BLA-3XL;;
FIL-MC-D-CI-BLA-4XL;;
FIL-MC-D-CI-BLA-5XL;;
FIL-MC-D-CI-BLA-6XL;;
FIL-MC-D-CI-NEG-S;;
FIL-MC-D-CI-NEG-M;;
FIL-MC-D-CI-NEG-L;;
FIL-MC-D-CI-NEG-XL;;
FIL-MC-D-CI-NEG-2XL;;
FIL-MC-D-CI-NEG-3XL;;
FIL-MC-D-CI-NEG-4XL;;
FIL-MC-D-CI-NEG-5XL;;
FIL-MC-D-CI-NEG-6XL;;
FIL-MC-D-CI-GHE-S;;
FIL-MC-D-CI-GHE-M;;
FIL-MC-D-CI-GHE-L;;
FIL-MC-D-CI-GHE-XL;;
FIL-MC-D-CI-GHE-2XL;;
FIL-MC-D-CI-GHE-3XL;;
FIL-MC-D-CI-GHE-4XL;;
FIL-MC-D-CI-GHE-5XL;;
FIL-MC-D-CI-GHE-6XL;;
FIL-MC-D-CI-AZM-S;;
FIL-MC-D-CI-AZM-M;;
FIL-MC-D-CI-AZM-L;;
FIL-MC-D-CI-AZM-XL;;
FIL-MC-D-CI-AZM-2XL;;
FIL-MC-D-CI-AZM-3XL;;
FIL-MC-D-CI-AZM-4XL;;
FIL-MC-D-CI-AZM-5XL;;
FIL-MC-D-CI-AZM-6XL;;
FIL-MC-D-CI-VMI-S;;
FIL-MC-D-CI-VMI-M;;
FIL-MC-D-CI-VMI-L;;
FIL-MC-D-CI-VMI-XL;;
FIL-MC-D-CI-VMI-2XL;;
FIL-MC-D-CI-VMI-3XL;;
FIL-MC-D-CI-VMI-4XL;;
FIL-MC-D-CI-VMI-5XL;;
FIL-MC-D-CI-VMI-6XL;;
FIL-MC-D-CI-VIN-S;;
FIL-MC-D-CI-VIN-M;;
FIL-MC-D-CI-VIN-L;;
FIL-MC-D-CI-VIN-XL;;
FIL-MC-D-CI-VIN-2XL;;
FIL-MC-D-CI-VIN-3XL;;
FIL-MC-D-CI-VIN-4XL;;
FIL-MC-D-CI-VIN-5XL;;
FIL-MC-D-CI-VIN-6XL;;
FIL-MC-D-CI-KAK-S;;
FIL-MC-D-CI-KAK-M;;
FIL-MC-D-CI-KAK-L;;
FIL-MC-D-CI-KAK-XL;;
FIL-MC-D-CI-KAK-2XL;;
FIL-MC-D-CI-KAK-3XL;;
FIL-MC-D-CI-KAK-4XL;;
FIL-MC-D-CI-KAK-5XL;;
FIL-MC-D-CI-KAK-6XL;;
FIL-M34-D-BR-NEG-S;;
FIL-M34-D-BR-NEG-M;;
FIL-M34-D-BR-NEG-L;;
FIL-M34-D-BR-NEG-XL;;
FIL-M34-D-BR-NEG-2XL;;
FIL-M34-D-BR-NEG-3XL;;
FIL-M34-D-BR-NEG-4XL;;
FIL-M34-D-BR-NEG-5XL;;
FIL-M34-D-BR-NEG-6XL;;
FIL-M34-D-BR-VIN-S;;
FIL-M34-D-BR-VIN-M;;
FIL-M34-D-BR-VIN-L;;
FIL-M34-D-BR-VIN-XL;;
FIL-M34-D-BR-VIN-2XL;;
FIL-M34-D-BR-VIN-3XL;;
FIL-M34-D-BR-VIN-4XL;;
FIL-M34-D-BR-VIN-5XL;;
FIL-M34-D-BR-VIN-6XL;;
FIL-M34-D-BR-VMI-S;;
FIL-M34-D-BR-VMI-M;;
FIL-M34-D-BR-VMI-L;;
FIL-M34-D-BR-VMI-XL;;
FIL-M34-D-BR-VMI-2XL;;
FIL-M34-D-BR-VMI-3XL;;
FIL-M34-D-BR-VMI-4XL;;
FIL-M34-D-BR-VMI-5XL;;
FIL-M34-D-BR-VMI-6XL;;
FIL-M34-D-BR-AZM-S;;
FIL-M34-D-BR-AZM-M;;
FIL-M34-D-BR-AZM-L;;
FIL-M34-D-BR-AZM-XL;;
FIL-M34-D-BR-AZM-2XL;;
FIL-M34-D-BR-AZM-3XL;;
FIL-M34-D-BR-AZM-4XL;;
FIL-M34-D-BR-AZM-5XL;;
FIL-M34-D-BR-AZM-6XL;;
FIL-M34-D-BR-KAK-S;;
FIL-M34-D-BR-KAK-M;;
FIL-M34-D-BR-KAK-L;;
FIL-M34-D-BR-KAK-XL;;
FIL-M34-D-BR-KAK-2XL;;
FIL-M34-D-BR-KAK-3XL;;
FIL-M34-D-BR-KAK-4XL;;
FIL-M34-D-BR-KAK-5XL;;
FIL-M34-D-BR-KAK-6XL;;
FIL-M34-D-BO-BLA-S;;
FIL-M34-D-BO-BLA-M;;
FIL-M34-D-BO-BLA-L;;
FIL-M34-D-BO-BLA-XL;;
FIL-M34-D-BO-BLA-2XL;;
FIL-M34-D-BO-BLA-3XL;;
FIL-M34-D-BO-BLA-4XL;;
FIL-M34-D-BO-BLA-5XL;;
FIL-M34-D-BO-BLA-6XL;;
FIL-M34-D-BO-NEG-S;;
FIL-M34-D-BO-NEG-M;;
FIL-M34-D-BO-NEG-L;;
FIL-M34-D-BO-NEG-XL;;
FIL-M34-D-BO-NEG-2XL;;
FIL-M34-D-BO-NEG-3XL;;
FIL-M34-D-BO-NEG-4XL;;
FIL-M34-D-BO-NEG-5XL;;
FIL-M34-D-BO-NEG-6XL;;
FIL-M34-D-BO-VIN-S;;
FIL-M34-D-BO-VIN-M;;
FIL-M34-D-BO-VIN-L;;
FIL-M34-D-BO-VIN-XL;;
FIL-M34-D-BO-VIN-2XL;;
FIL-M34-D-BO-VIN-3XL;;
FIL-M34-D-BO-VIN-4XL;;
FIL-M34-D-BO-VIN-5XL;;
FIL-M34-D-BO-VIN-6XL;;
FIL-M34-D-BO-VMI-S;;
FIL-M34-D-BO-VMI-M;;
FIL-M34-D-BO-VMI-L;;
FIL-M34-D-BO-VMI-XL;;
FIL-M34-D-BO-VMI-2XL;;
FIL-M34-D-BO-VMI-3XL;;
FIL-M34-D-BO-VMI-4XL;;
FIL-M34-D-BO-VMI-5XL;;
FIL-M34-D-BO-VMI-6XL;;
FIL-M34-D-BO-AZM-S;;
FIL-M34-D-BO-AZM-M;;
FIL-M34-D-BO-AZM-L;;
FIL-M34-D-BO-AZM-XL;;
FIL-M34-D-BO-AZM-2XL;;
FIL-M34-D-BO-AZM-3XL;;
FIL-M34-D-BO-AZM-4XL;;
FIL-M34-D-BO-AZM-5XL;;
FIL-M34-D-BO-AZM-6XL;;
FIL-M34-D-BO-KAK-S;;
FIL-M34-D-BO-KAK-M;;
FIL-M34-D-BO-KAK-L;;
FIL-M34-D-BO-KAK-XL;;
FIL-M34-D-BO-KAK-2XL;;
FIL-M34-D-BO-KAK-3XL;;
FIL-M34-D-BO-KAK-4XL;;
FIL-M34-D-BO-KAK-5XL;;
FIL-M34-D-BO-KAK-6XL;;
FIL-M34-D-CI-NEG-S;;
FIL-M34-D-CI-NEG-M;;
FIL-M34-D-CI-NEG-L;;
FIL-M34-D-CI-NEG-XL;;
FIL-M34-D-CI-NEG-2XL;;
FIL-M34-D-CI-NEG-3XL;;
FIL-M34-D-CI-NEG-4XL;;
FIL-M34-D-CI-NEG-5XL;;
FIL-M34-D-CI-NEG-6XL;;
FIL-M34-D-CI-BLA-S;;
FIL-M34-D-CI-BLA-M;;
FIL-M34-D-CI-BLA-L;;
FIL-M34-D-CI-BLA-XL;;
FIL-M34-D-CI-BLA-2XL;;
FIL-M34-D-CI-BLA-3XL;;
FIL-M34-D-CI-BLA-4XL;;
FIL-M34-D-CI-BLA-5XL;;
FIL-M34-D-CI-BLA-6XL;;
FIL-M34-D-CI-GPL-S;;
FIL-M34-D-CI-GPL-M;;
FIL-M34-D-CI-GPL-L;;
FIL-M34-D-CI-GPL-XL;;
FIL-M34-D-CI-GPL-2XL;;
FIL-M34-D-CI-GPL-3XL;;
FIL-M34-D-CI-GPL-4XL;;
FIL-M34-D-CI-GPL-5XL;;
FIL-M34-D-CI-GPL-6XL;;
FIL-M34-D-CI-VIN-S;;
FIL-M34-D-CI-VIN-M;;
FIL-M34-D-CI-VIN-L;;
FIL-M34-D-CI-VIN-XL;;
FIL-M34-D-CI-VIN-2XL;;
FIL-M34-D-CI-VIN-3XL;;
FIL-M34-D-CI-VIN-4XL;;
FIL-M34-D-CI-VIN-5XL;;
FIL-M34-D-CI-VIN-6XL;;
FIL-M34-D-CI-VMI-S;;
FIL-M34-D-CI-VMI-M;;
FIL-M34-D-CI-VMI-L;;
FIL-M34-D-CI-VMI-XL;;
FIL-M34-D-CI-VMI-2XL;;
FIL-M34-D-CI-VMI-3XL;;
FIL-M34-D-CI-VMI-4XL;;
FIL-M34-D-CI-VMI-5XL;;
FIL-M34-D-CI-VMI-6XL;;
FIL-M34-D-CI-AZM-S;;
FIL-M34-D-CI-AZM-M;;
FIL-M34-D-CI-AZM-L;;
FIL-M34-D-CI-AZM-XL;;
FIL-M34-D-CI-AZM-2XL;;
FIL-M34-D-CI-AZM-3XL;;
FIL-M34-D-CI-AZM-4XL;;
FIL-M34-D-CI-AZM-5XL;;
FIL-M34-D-CI-AZM-6XL;;
FIL-M34-D-CI-KAK-S;;
FIL-M34-D-CI-KAK-M;;
FIL-M34-D-CI-KAK-L;;
FIL-M34-D-CI-KAK-XL;;
FIL-M34-D-CI-KAK-2XL;;
FIL-M34-D-CI-KAK-3XL;;
FIL-M34-D-CI-KAK-4XL;;
FIL-M34-D-CI-KAK-5XL;;
FIL-M34-D-CI-KAK-6XL;;
FIL-ML-D-BR-NEG-S;;
FIL-ML-D-BR-NEG-M;;
FIL-ML-D-BR-NEG-L;;
FIL-ML-D-BR-NEG-XL;;
FIL-ML-D-BR-NEG-2XL;;
FIL-ML-D-BR-NEG-3XL;;
FIL-ML-D-BR-NEG-4XL;;
FIL-ML-D-BR-NEG-5XL;;
FIL-ML-D-BR-NEG-6XL;;
FIL-ML-D-BR-VIN-S;;
FIL-ML-D-BR-VIN-M;;
FIL-ML-D-BR-VIN-L;;
FIL-ML-D-BR-VIN-XL;;
FIL-ML-D-BR-VIN-2XL;;
FIL-ML-D-BR-VIN-3XL;;
FIL-ML-D-BR-VIN-4XL;;
FIL-ML-D-BR-VIN-5XL;;
FIL-ML-D-BR-VIN-6XL;;
FIL-ML-D-BR-VMI-S;;
FIL-ML-D-BR-VMI-M;;
FIL-ML-D-BR-VMI-L;;
FIL-ML-D-BR-VMI-XL;;
FIL-ML-D-BR-VMI-2XL;;
FIL-ML-D-BR-VMI-3XL;;
FIL-ML-D-BR-VMI-4XL;;
FIL-ML-D-BR-VMI-5XL;;
FIL-ML-D-BR-VMI-6XL;;
FIL-ML-D-BR-AZM-S;;
FIL-ML-D-BR-AZM-M;;
FIL-ML-D-BR-AZM-L;;
FIL-ML-D-BR-AZM-XL;;
FIL-ML-D-BR-AZM-2XL;;
FIL-ML-D-BR-AZM-3XL;;
FIL-ML-D-BR-AZM-4XL;;
FIL-ML-D-BR-AZM-5XL;;
FIL-ML-D-BR-AZM-6XL;;
FIL-ML-D-BR-KAK-S;;
FIL-ML-D-BR-KAK-M;;
FIL-ML-D-BR-KAK-L;;
FIL-ML-D-BR-KAK-XL;;
FIL-ML-D-BR-KAK-2XL;;
FIL-ML-D-BR-KAK-3XL;;
FIL-ML-D-BR-KAK-4XL;;
FIL-ML-D-BR-KAK-5XL;;
FIL-ML-D-BR-KAK-6XL;;
FIL-ML-D-BO-BLA-S;;
FIL-ML-D-BO-BLA-M;;
FIL-ML-D-BO-BLA-L;;
FIL-ML-D-BO-BLA-XL;;
FIL-ML-D-BO-BLA-2XL;;
FIL-ML-D-BO-BLA-3XL;;
FIL-ML-D-BO-BLA-4XL;;
FIL-ML-D-BO-BLA-5XL;;
FIL-ML-D-BO-BLA-6XL;;
FIL-ML-D-BO-NEG-S;;
FIL-ML-D-BO-NEG-M;;
FIL-ML-D-BO-NEG-L;;
FIL-ML-D-BO-NEG-XL;;
FIL-ML-D-BO-NEG-2XL;;
FIL-ML-D-BO-NEG-3XL;;
FIL-ML-D-BO-NEG-4XL;;
FIL-ML-D-BO-NEG-5XL;;
FIL-ML-D-BO-NEG-6XL;;
FIL-ML-D-BO-VIN-S;;
FIL-ML-D-BO-VIN-M;;
FIL-ML-D-BO-VIN-L;;
FIL-ML-D-BO-VIN-XL;;
FIL-ML-D-BO-VIN-2XL;;
FIL-ML-D-BO-VIN-3XL;;
FIL-ML-D-BO-VIN-4XL;;
FIL-ML-D-BO-VIN-5XL;;
FIL-ML-D-BO-VIN-6XL;;
FIL-ML-D-BO-VMI-S;;
FIL-ML-D-BO-VMI-M;;
FIL-ML-D-BO-VMI-L;;
FIL-ML-D-BO-VMI-XL;;
FIL-ML-D-BO-VMI-2XL;;
FIL-ML-D-BO-VMI-3XL;;
FIL-ML-D-BO-VMI-4XL;;
FIL-ML-D-BO-VMI-5XL;;
FIL-ML-D-BO-VMI-6XL;;
FIL-ML-D-BO-AZM-S;;
FIL-ML-D-BO-AZM-M;;
FIL-ML-D-BO-AZM-L;;
FIL-ML-D-BO-AZM-XL;;
FIL-ML-D-BO-AZM-2XL;;
FIL-ML-D-BO-AZM-3XL;;
FIL-ML-D-BO-AZM-4XL;;
FIL-ML-D-BO-AZM-5XL;;
FIL-ML-D-BO-AZM-6XL;;
FIL-ML-D-BO-KAK-S;;
FIL-ML-D-BO-KAK-M;;
FIL-ML-D-BO-KAK-L;;
FIL-ML-D-BO-KAK-XL;;
FIL-ML-D-BO-KAK-2XL;;
FIL-ML-D-BO-KAK-3XL;;
FIL-ML-D-BO-KAK-4XL;;
FIL-ML-D-BO-KAK-5XL;;
FIL-ML-D-BO-KAK-6XL;;
FIL-ML-D-CI-NEG-S;;
FIL-ML-D-CI-NEG-M;;
FIL-ML-D-CI-NEG-L;;
FIL-ML-D-CI-NEG-XL;;
FIL-ML-D-CI-NEG-2XL;;
FIL-ML-D-CI-NEG-3XL;;
FIL-ML-D-CI-NEG-4XL;;
FIL-ML-D-CI-NEG-5XL;;
FIL-ML-D-CI-NEG-6XL;;
FIL-ML-D-CI-BLA-S;;
FIL-ML-D-CI-BLA-M;;
FIL-ML-D-CI-BLA-L;;
FIL-ML-D-CI-BLA-XL;;
FIL-ML-D-CI-BLA-2XL;;
FIL-ML-D-CI-BLA-3XL;;
FIL-ML-D-CI-BLA-4XL;;
FIL-ML-D-CI-BLA-5XL;;
FIL-ML-D-CI-BLA-6XL;;
FIL-ML-D-CI-GPL-S;;
FIL-ML-D-CI-GPL-M;;
FIL-ML-D-CI-GPL-L;;
FIL-ML-D-CI-GPL-XL;;
FIL-ML-D-CI-GPL-2XL;;
FIL-ML-D-CI-GPL-3XL;;
FIL-ML-D-CI-GPL-4XL;;
FIL-ML-D-CI-GPL-5XL;;
FIL-ML-D-CI-GPL-6XL;;
FIL-ML-D-CI-VIN-S;;
FIL-ML-D-CI-VIN-M;;
FIL-ML-D-CI-VIN-L;;
FIL-ML-D-CI-VIN-XL;;
FIL-ML-D-CI-VIN-2XL;;
FIL-ML-D-CI-VIN-3XL;;
FIL-ML-D-CI-VIN-4XL;;
FIL-ML-D-CI-VIN-5XL;;
FIL-ML-D-CI-VIN-6XL;;
FIL-ML-D-CI-VMI-S;;
FIL-ML-D-CI-VMI-M;;
FIL-ML-D-CI-VMI-L;;
FIL-ML-D-CI-VMI-XL;;
FIL-ML-D-CI-VMI-2XL;;
FIL-ML-D-CI-VMI-3XL;;
FIL-ML-D-CI-VMI-4XL;;
FIL-ML-D-CI-VMI-5XL;;
FIL-ML-D-CI-VMI-6XL;;
FIL-ML-D-CI-AZM-S;;
FIL-ML-D-CI-AZM-M;;
FIL-ML-D-CI-AZM-L;;
FIL-ML-D-CI-AZM-XL;;
FIL-ML-D-CI-AZM-2XL;;
FIL-ML-D-CI-AZM-3XL;;
FIL-ML-D-CI-AZM-4XL;;
FIL-ML-D-CI-AZM-5XL;;
FIL-ML-D-CI-AZM-6XL;;
FIL-ML-D-CI-KAK-S;;
FIL-ML-D-CI-KAK-M;;
FIL-ML-D-CI-KAK-L;;
FIL-ML-D-CI-KAK-XL;;
FIL-ML-D-CI-KAK-2XL;;
FIL-ML-D-CI-KAK-3XL;;
FIL-ML-D-CI-KAK-4XL;;
FIL-ML-D-CI-KAK-5XL;;
FIL-ML-D-CI-KAK-6XL;;
EST-MAXI-NEG;;
EST-MAXI-GRI;;
EST-MAXI-MOR;;
EST-MAXI-NAR;;
EST-MAXI-VNE;;
EST-MAXI-DOR;;
EST-MAXI-AZE;;
EST-MAXI-FUC;;
EST-MAXI-ROS;;
EST-STARK-NEG;;
EST-STARK-GRI;;
EST-STARK-MOR;;
EST-STARK-NAR;;
EST-STARK-VNE;;
EST-STARK-DOR;;
EST-STARK-AZE;;
EST-STARK-FUC;;
EST-STARK-ROS;;
EST-POCKET-NEG;;
EST-POCKET-GRI;;
EST-POCKET-MOR;;
EST-POCKET-NAR;;
EST-POCKET-VNE;;
EST-POCKET-DOR;;
EST-POCKET-AZE;;
EST-POCKET-FUC;;
EST-POCKET-ROS;;
DEL-CLA-NEG;;
DEL-CLA-KAK;;
DEL-CLA-GPL;;
DEL-CLA-AZE;;
DEL-SERV-NEG;;
DEL-SERV-GPL;;
DEL-SERV-AZE;;
DEL-SERV-KAK;;
DEL-SERV-BLA;;
DEL-DENIM-NEG;;
DEL-DENIM-GPL;;
DEL-DENIM-AZE;;
DEL-DENIM-KAK;;
DEL-DENIM-BLA;;
GOR-ING-NEG;;
GOR-ING-GPL;;
GOR-ING-AZE;;
GOR-ING-KAK;;
GOR-ING-BLA;;
GOR-SUSH-NEG;;
GOR-SUSH-GPL;;
GOR-SUSH-AZE;;
GOR-SUSH-KAK;;
GOR-SUSH-BLA;;
GOR-BAND-NEG;;
GOR-BAND-GPL;;
GOR-BAND-AZE;;
GOR-BAND-KAK;;
GOR-BAND-BLA;;
